mem,bandwidth(MB/ms)
65536,2.55
131072,5.98
196608,7.16
262144,7.76
327680,8.16
393216,8.4
458752,8.33
524288,8.72
589824,8.81
655360,9.0
720896,8.88
786432,9.22
851968,9.11
917504,9.23
983040,9.35
1048576,9.37
1114112,9.57
1179648,9.9
1245184,10.08
1310720,10.43
1376256,10.6
1441792,10.97
1507328,11.01
1572864,11.34
1638400,11.53
1703936,11.67
1769472,11.84
1835008,11.77
1900544,11.67
1966080,10.7
2031616,11.13
2097152,11.23
2162688,11.45
2228224,11.59
2293760,11.73
2359296,11.89
2424832,12.08
2490368,12.24
2555904,12.37
2621440,12.54
2686976,12.53
2752512,9.57
2818048,12.82
2883584,12.66
2949120,12.43
3014656,12.57
3080192,12.46
3145728,12.29
3211264,12.41
3276800,12.53
3342336,12.64
3407872,12.7
3473408,12.87
3538944,12.85
3604480,13.04
3670016,13.09
3735552,13.19
3801088,13.19
3866624,13.33
3932160,13.27
3997696,13.08
4063232,13.02
4128768,13.04
4194304,12.95
4259840,12.8
4325376,13.02
4390912,13.13
4456448,13.13
4521984,13.27
4587520,13.32
4653056,13.39
4718592,13.43
4784128,13.56
4849664,13.55
4915200,13.55
4980736,13.52
5046272,13.4
5111808,13.36
5177344,13.28
5242880,13.25
5308416,13.2
5373952,13.27
5439488,13.35
5505024,13.22
5570560,13.41
5636096,13.54
5701632,13.6
5767168,13.61
5832704,13.65
5898240,13.73
5963776,13.7
6029312,13.69
6094848,13.54
6160384,13.45
6225920,13.48
6291456,13.37
6356992,13.38
6422528,13.47
6488064,13.54
6553600,13.61
6619136,13.57
6684672,13.67
6750208,13.68
6815744,13.72
6881280,13.78
6946816,13.79
7012352,13.69
7077888,13.69
7143424,13.67
7208960,13.57
7274496,13.51
7340032,13.47
7405568,13.51
7471104,13.47
7536640,13.5
7602176,13.39
7667712,13.69
7733248,13.66
7798784,13.64
7864320,13.74
7929856,13.77
7995392,13.77
8060928,10.33
8126464,13.76
8192000,13.61
8257536,13.59
8323072,13.31
8388608,13.41
8454144,13.41
8519680,13.39
8585216,13.46
8650752,13.51
8716288,13.59
8781824,13.42
8847360,13.51
8912896,13.45
8978432,13.63
9043968,13.67
9109504,13.75
9175040,13.51
9240576,13.37
9306112,13.45
9371648,13.42
9437184,13.35
9502720,13.4
9568256,13.5
9633792,13.22
9699328,11.72
9764864,13.28
9830400,13.29
9895936,13.41
9961472,13.46
10027008,13.54
10092544,13.39
10158080,13.47
10223616,13.51
10289152,13.26
10354688,13.32
10420224,13.31
10485760,13.28
10551296,13.17
10616832,13.23
10682368,13.28
10747904,13.29
10813440,13.26
10878976,13.25
10944512,8.58
11010048,13.08
11075584,13.36
11141120,13.33
11206656,13.34
11272192,13.34
11337728,13.14
11403264,13.21
11468800,13.03
11534336,13.07
11599872,13.03
11665408,13.04
11730944,13.14
11796480,13.02
11862016,13.2
11927552,13.06
11993088,13.18
12058624,13.22
12124160,13.15
12189696,13.24
12255232,13.09
12320768,13.14
12386304,13.01
12451840,12.95
12517376,12.9
12582912,12.86
12648448,12.93
12713984,12.99
12779520,12.98
12845056,12.99
12910592,12.98
12976128,13.02
13041664,12.91
13107200,11.5
13172736,12.99
13238272,11.02
13303808,12.96
13369344,12.88
13434880,12.91
13500416,12.91
13565952,12.84
13631488,12.8
13697024,12.73
13762560,12.69
13828096,12.89
13893632,12.8
13959168,12.79
14024704,12.83
14090240,12.87
14155776,12.75
14221312,12.65
14286848,9.15
14352384,12.78
14417920,12.83
14483456,12.7
14548992,12.68
14614528,12.58
14680064,12.55
14745600,12.58
14811136,12.56
14876672,12.54
14942208,12.58
15007744,12.58
15073280,12.6
15138816,12.62
15204352,12.56
15269888,12.59
15335424,12.63
15400960,12.58
15466496,12.49
15532032,12.52
15597568,12.5
15663104,12.45
15728640,12.36
15794176,12.36
15859712,12.4
15925248,12.41
15990784,12.44
16056320,12.39
16121856,12.37
16187392,12.41
16252928,12.44
16318464,12.36
16384000,11.69
16449536,11.48
16515072,11.34
16580608,11.15
16646144,10.88
16711680,11.89
16777216,11.51
16842752,10.85
16908288,11.22
16973824,11.19
17039360,11.4
17104896,12.11
17170432,12.21
17235968,9.74
17301504,12.16
17367040,12.21
17432576,12.13
17498112,12.15
17563648,12.16
17629184,12.07
17694720,12.03
17760256,12.04
17825792,11.93
17891328,11.96
17956864,11.97
18022400,11.97
18087936,11.98
18153472,11.98
18219008,12.03
18284544,12.01
18350080,11.99
18415616,12.0
18481152,11.97
18546688,11.95
18612224,11.97
18677760,11.88
18743296,11.85
18808832,9.24
18874368,11.81
18939904,11.81
19005440,11.85
19070976,11.86
19136512,11.85
19202048,11.86
19267584,11.9
19333120,11.86
19398656,11.86
19464192,11.84
19529728,11.82
19595264,11.81
19660800,11.77
19726336,11.78
19791872,11.77
19857408,11.73
19922944,11.7
19988480,11.6
20054016,11.66
20119552,11.74
20185088,11.73
20250624,11.73
20316160,11.7
20381696,11.75
20447232,11.75
20512768,11.74
20578304,11.71
20643840,11.69
20709376,11.66
20774912,11.65
20840448,11.62
20905984,11.59
20971520,11.57
21037056,11.6
21102592,11.6
21168128,11.45
21233664,11.06
21299200,11.55
21364736,11.67
21430272,11.6
21495808,11.62
21561344,11.6
21626880,11.58
21692416,11.55
21757952,11.57
21823488,11.52
21889024,11.44
21954560,11.46
22020096,11.42
22085632,9.72
22151168,11.47
22216704,11.47
22282240,11.47
22347776,11.51
22413312,11.5
22478848,11.5
22544384,11.49
22609920,11.5
22675456,11.49
22740992,11.43
22806528,11.44
22872064,11.42
22937600,11.41
23003136,9.32
23068672,11.3
23134208,11.3
23199744,11.4
23265280,11.39
23330816,11.4
23396352,11.37
23461888,11.44
23527424,11.4
23592960,11.42
23658496,11.25
23724032,11.36
23789568,11.28
23855104,11.34
23920640,11.26
23986176,11.32
24051712,11.26
24117248,11.28
24182784,11.23
24248320,11.29
24313856,11.25
24379392,11.33
24444928,11.26
24510464,11.31
24576000,11.23
24641536,10.98
24707072,11.22
24772608,11.33
24838144,11.2
24903680,11.27
24969216,11.17
25034752,11.26
25100288,11.14
25165824,9.72
25231360,11.1
25296896,11.23
25362432,11.08
25427968,11.23
25493504,10.99
25559040,10.8
25624576,10.85
25690112,10.79
25755648,10.75
25821184,10.99
25886720,10.97
25952256,10.69
26017792,11.11
26083328,11.11
26148864,11.05
26214400,10.93
26279936,10.26
26345472,9.55
26411008,11.1
26476544,11.14
26542080,10.85
26607616,10.99
26673152,11.08
26738688,11.12
26804224,11.06
26869760,11.12
26935296,11.03
27000832,10.93
27066368,10.97
27131904,10.36
27197440,10.4
27262976,10.71
27328512,10.7
27394048,10.32
27459584,10.64
27525120,10.74
27590656,10.64
27656192,10.55
27721728,10.69
27787264,10.7
27852800,9.44
27918336,10.55
27983872,10.32
28049408,10.53
28114944,10.66
28180480,10.72
28246016,10.31
28311552,10.62
28377088,10.56
28442624,10.7
28508160,10.56
28573696,10.74
28639232,10.62
28704768,10.75
28770304,10.62
28835840,10.77
28901376,10.62
28966912,10.59
29032448,10.61
29097984,10.51
29163520,10.62
29229056,10.57
29294592,9.48
29360128,10.52
29425664,10.59
29491200,10.56
29556736,10.64
29622272,10.57
29687808,10.61
29753344,10.56
29818880,10.65
29884416,10.59
29949952,10.61
30015488,10.69
30081024,10.53
30146560,10.67
30212096,10.47
30277632,10.64
30343168,10.47
30408704,10.53
30474240,10.53
30539776,10.61
30605312,10.51
30670848,10.67
30736384,10.49
30801920,10.67
30867456,10.48
30932992,10.68
30998528,10.52
31064064,10.67
31129600,10.45
31195136,10.58
31260672,10.43
31326208,9.2
31391744,10.43
31457280,10.63
31522816,10.32
31588352,10.56
31653888,8.19
31719424,10.66
31784960,10.46
31850496,10.69
31916032,10.45
31981568,10.61
32047104,10.49
32112640,10.6
32178176,10.45
32243712,10.58
32309248,10.43
32374784,10.55
32440320,10.38
32505856,10.54
32571392,10.38
32636928,10.56
32702464,10.43
32768000,10.6
32833536,10.44
32899072,10.6
32964608,10.48
33030144,10.62
33095680,10.44
33161216,10.6
33226752,10.41
33292288,10.54
33357824,10.4
33423360,10.54
33488896,10.39
33554432,10.53
33619968,10.37
33685504,10.54
33751040,10.41
33816576,10.6
33882112,10.69
33947648,10.72
34013184,10.76
34078720,10.74
34144256,10.71
34209792,10.72
34275328,10.71
34340864,10.71
34406400,10.7
34471936,10.69
34537472,10.44
34603008,10.6
34668544,10.66
34734080,10.67
34799616,10.71
34865152,10.72
34930688,10.72
34996224,10.72
35061760,10.73
35127296,10.72
35192832,10.71
35258368,10.68
35323904,10.73
35389440,10.71
35454976,10.67
35520512,10.69
35586048,10.65
35651584,10.66
35717120,10.68
35782656,10.66
35848192,10.7
35913728,10.71
35979264,10.7
36044800,10.73
36110336,10.73
36175872,10.73
36241408,10.73
36306944,10.68
36372480,10.67
36438016,10.69
36503552,10.68
36569088,10.66
36634624,10.65
36700160,10.67
36765696,10.66
36831232,10.68
36896768,10.7
36962304,10.7
37027840,10.72
37093376,10.73
37158912,10.74
37224448,10.69
37289984,10.69
37355520,10.71
37421056,10.69
37486592,10.67
37552128,10.68
37617664,10.65
37683200,10.66
37748736,10.66
37814272,10.65
37879808,9.54
37945344,10.67
38010880,10.68
38076416,10.69
38141952,10.73
38207488,10.7
38273024,10.71
38338560,10.69
38404096,10.69
38469632,10.62
38535168,10.66
38600704,10.68
38666240,10.67
38731776,10.64
38797312,10.65
38862848,10.63
38928384,10.65
38993920,10.67
39059456,10.69
39124992,9.63
39190528,10.69
39256064,8.91
39321600,10.7
39387136,10.68
39452672,10.67
39518208,10.67
39583744,10.65
39649280,10.65
39714816,10.62
39780352,10.62
39845888,10.62
39911424,10.63
39976960,10.63
40042496,10.64
40108032,10.66
40173568,10.65
40239104,9.48
40304640,10.67
40370176,10.68
40435712,10.66
40501248,10.66
40566784,10.65
40632320,10.64
40697856,10.63
40763392,10.62
40828928,10.6
40894464,9.57
40960000,10.62
41025536,10.61
41091072,10.63
41156608,10.62
41222144,10.64
41287680,10.65
41353216,10.65
41418752,10.64
41484288,10.63
41549824,10.62
41615360,10.65
41680896,10.62
41746432,10.26
41811968,9.58
41877504,10.1
41943040,10.32
42008576,9.49
42074112,9.65
42139648,9.97
42205184,10.34
42270720,10.48
42336256,10.53
42401792,10.59
42467328,10.57
42532864,10.58
42598400,10.58
42663936,10.58
42729472,10.59
42795008,10.57
42860544,10.58
42926080,10.57
42991616,10.55
43057152,10.56
43122688,10.56
43188224,10.56
43253760,10.6
43319296,10.6
43384832,10.63
43450368,10.61
43515904,10.62
43581440,10.56
43646976,10.48
43712512,9.56
43778048,10.58
43843584,10.57
43909120,10.58
43974656,10.56
44040192,10.55
44105728,10.41
44171264,10.46
44236800,9.77
44302336,10.56
44367872,10.59
44433408,10.61
44498944,10.6
44564480,10.54
44630016,10.56
44695552,10.55
44761088,10.57
44826624,10.55
44892160,10.57
44957696,10.56
45023232,10.55
45088768,10.54
45154304,10.53
45219840,10.54
45285376,10.44
45350912,10.55
45416448,10.57
45481984,10.58
45547520,10.58
45613056,10.54
45678592,10.56
45744128,10.55
45809664,10.53
45875200,10.55
45940736,10.55
46006272,10.53
46071808,10.52
46137344,10.52
46202880,10.52
46268416,10.53
46333952,9.74
46399488,10.55
46465024,10.57
46530560,10.56
46596096,10.55
46661632,10.55
46727168,10.54
46792704,10.54
46858240,9.71
46923776,10.53
46989312,10.52
47054848,10.52
47120384,10.49
47185920,10.5
47251456,10.52
47316992,10.53
47382528,10.49
47448064,10.53
47513600,10.55
47579136,8.24
47644672,10.55
47710208,10.53
47775744,10.54
47841280,10.53
47906816,10.53
47972352,10.51
48037888,10.51
48103424,10.51
48168960,10.51
48234496,10.49
48300032,10.47
48365568,10.5
48431104,10.52
48496640,10.52
48562176,10.52
48627712,10.54
48693248,10.51
48758784,10.47
48824320,9.6
48889856,10.52
48955392,10.52
49020928,10.52
49086464,10.5
49152000,10.49
49217536,10.5
49283072,10.48
49348608,10.48
49414144,10.49
49479680,10.49
49545216,10.48
49610752,10.41
49676288,10.49
49741824,10.46
49807360,10.51
49872896,10.49
49938432,10.51
50003968,10.5
50069504,10.46
50135040,10.5
50200576,10.5
50266112,10.49
50331648,10.44
50397184,10.47
50462720,10.47
50528256,10.48
50593792,10.49
50659328,10.49
50724864,10.51
50790400,10.5
50855936,10.49
50921472,10.51
50987008,10.49
51052544,10.49
51118080,10.48
51183616,10.47
51249152,10.47
51314688,10.44
51380224,10.44
51445760,10.47
51511296,10.44
51576832,10.38
51642368,10.46
51707904,10.48
51773440,10.49
51838976,10.49
51904512,10.47
51970048,10.49
52035584,10.48
52101120,10.48
52166656,10.46
52232192,10.48
52297728,9.71
52363264,10.44
52428800,10.45
52494336,10.44
52559872,10.45
52625408,10.46
52690944,10.46
52756480,9.75
52822016,10.48
52887552,10.47
52953088,10.47
53018624,10.48
53084160,10.47
53149696,10.46
53215232,9.74
53280768,10.44
53346304,10.44
53411840,10.43
53477376,10.43
53542912,10.42
53608448,10.42
53673984,9.63
53739520,10.44
53805056,10.46
53870592,10.48
53936128,10.47
54001664,10.46
54067200,10.48
54132736,9.57
54198272,10.44
54263808,10.44
54329344,10.44
54394880,10.44
54460416,10.41
54525952,10.41
54591488,9.69
54657024,10.41
54722560,10.42
54788096,10.44
54853632,10.45
54919168,10.47
54984704,10.45
55050240,9.64
55115776,10.44
55181312,10.44
55246848,10.43
55312384,10.42
55377920,10.41
55443456,10.41
55508992,9.64
55574528,10.39
55640064,10.4
55705600,10.41
55771136,10.42
55836672,10.41
55902208,10.44
55967744,9.81
56033280,10.44
56098816,10.43
56164352,10.45
56229888,10.43
56295424,10.36
56360960,10.4
56426496,10.38
56492032,10.4
56557568,10.39
56623104,10.4
56688640,8.31
56754176,10.4
56819712,10.38
56885248,10.41
56950784,10.43
57016320,10.43
57081856,10.44
57147392,10.38
57212928,10.42
57278464,10.41
57344000,10.42
57409536,10.41
57475072,10.41
57540608,10.39
57606144,10.39
57671680,9.56
57737216,10.36
57802752,10.39
57868288,10.39
57933824,10.4
57999360,10.38
58064896,10.38
58130432,10.41
58195968,10.42
58261504,10.41
58327040,10.37
58392576,10.4
58458112,10.39
58523648,10.37
58589184,10.4
58654720,10.39
58720256,10.37
58785792,10.38
58851328,10.33
58916864,10.37
58982400,10.39
59047936,10.4
59113472,10.4
59179008,10.41
59244544,10.4
59310080,10.4
59375616,10.38
59441152,10.39
59506688,10.38
59572224,10.38
59637760,10.36
59703296,10.36
59768832,10.35
59834368,10.36
59899904,10.36
59965440,10.39
60030976,10.37
60096512,10.38
60162048,10.39
60227584,10.37
60293120,10.38
60358656,10.37
60424192,10.38
60489728,10.38
60555264,10.33
60620800,10.34
60686336,9.65
60751872,10.37
60817408,10.36
60882944,10.35
60948480,10.35
61014016,10.35
61079552,9.65
61145088,10.37
61210624,10.37
61276160,10.37
61341696,10.32
61407232,10.36
61472768,9.42
61538304,10.26
61603840,10.31
61669376,10.35
61734912,10.35
61800448,10.34
61865984,10.33
61931520,10.35
61997056,10.35
62062592,10.36
62128128,10.35
62193664,10.34
62259200,10.28
62324736,10.37
62390272,10.38
62455808,10.37
62521344,10.37
62586880,10.36
62652416,10.35
62717952,10.36
62783488,10.34
62849024,10.34
62914560,10.32
62980096,10.33
63045632,10.34
63111168,10.35
63176704,10.36
63242240,10.37
63307776,10.37
63373312,10.34
63438848,10.37
63504384,10.36
63569920,10.35
63635456,10.36
63700992,10.34
63766528,9.57
63832064,10.35
63897600,10.35
63963136,10.33
64028672,10.33
64094208,10.34
64159744,10.3
64225280,10.35
64290816,10.32
64356352,10.35
64421888,10.35
64487424,10.36
64552960,9.81
64618496,10.34
64684032,10.35
64749568,10.34
64815104,10.34
64880640,10.32
64946176,9.67
65011712,10.31
65077248,10.31
65142784,10.33
65208320,10.33
65273856,10.33
65339392,9.73
65404928,10.35
65470464,10.34
65536000,10.34
65601536,10.35
65667072,10.34
65732608,9.7
65798144,10.33
65863680,10.32
65929216,10.32
65994752,10.31
66060288,10.3
66125824,9.79
66191360,10.31
66256896,10.32
66322432,10.34
66387968,10.33
66453504,10.33
66519040,9.71
66584576,10.34
66650112,8.11
66715648,10.32
66781184,10.32
66846720,10.32
66912256,9.62
66977792,10.31
67043328,10.32
67108864,10.3
67174400,10.31
67239936,10.32
67305472,10.32
67371008,10.32
67436544,10.33
67502080,10.33
67567616,10.34
67633152,9.37
67698688,10.31
67764224,10.32
67829760,10.31
67895296,10.33
67960832,10.31
68026368,10.27
68091904,10.3
68157440,10.28
68222976,10.29
68288512,10.29
68354048,10.29
68419584,10.07
68485120,10.31
68550656,10.32
68616192,10.33
68681728,10.32
68747264,10.3
68812800,9.6
68878336,10.32
68943872,10.31
69009408,10.31
69074944,10.29
69140480,9.66
69206016,10.29
69271552,10.29
69337088,10.27
69402624,10.2
69468160,10.3
69533696,10.28
69599232,10.3
69664768,10.3
69730304,10.31
69795840,10.3
69861376,10.3
69926912,10.29
69992448,10.31
70057984,10.29
70123520,10.29
70189056,10.28
70254592,9.7
70320128,10.28
70385664,10.28
70451200,10.3
70516736,10.29
70582272,9.81
70647808,10.31
70713344,10.31
70778880,10.31
70844416,10.3
70909952,10.3
70975488,9.77
71041024,10.29
71106560,10.29
71172096,10.29
71237632,10.25
71303168,10.27
71368704,10.25
71434240,10.28
71499776,10.29
71565312,10.3
71630848,10.29
71696384,10.28
71761920,10.3
71827456,10.3
71892992,10.31
71958528,10.28
72024064,10.28
72089600,10.27
72155136,10.28
72220672,10.27
72286208,10.26
72351744,10.28
72417280,10.24
72482816,10.28
72548352,10.29
72613888,10.29
72679424,10.31
72744960,10.26
72810496,10.3
72876032,10.31
72941568,10.3
73007104,10.3
73072640,10.3
73138176,9.72
73203712,10.29
73269248,10.27
73334784,10.25
73400320,10.18
73465856,10.24
73531392,10.28
73596928,10.29
73662464,10.28
73728000,10.29
73793536,10.29
73859072,10.3
73924608,10.3
73990144,10.29
74055680,10.27
74121216,10.2
74186752,10.28
74252288,10.27
74317824,10.28
74383360,10.27
74448896,10.22
74514432,9.8
74579968,10.28
74645504,10.28
74711040,10.28
74776576,10.26
74842112,10.27
74907648,10.28
74973184,10.3
75038720,10.29
75104256,10.28
75169792,10.2
75235328,10.28
75300864,10.28
75366400,10.27
75431936,10.26
75497472,10.25
75563008,10.26
75628544,10.28
75694080,10.27
75759616,10.24
75825152,10.29
75890688,10.29
75956224,10.3
76021760,10.3
76087296,10.28
76152832,9.5
76218368,10.28
76283904,10.29
76349440,10.26
76414976,10.26
76480512,9.79
76546048,10.26
76611584,10.21
76677120,10.26
76742656,10.26
76808192,9.76
76873728,10.28
76939264,10.29
77004800,10.29
77070336,10.28
77135872,9.73
77201408,10.28
77266944,10.28
77332480,10.25
77398016,10.27
77463552,9.79
77529088,10.27
77594624,10.25
77660160,10.27
77725696,8.08
77791232,10.26
77856768,10.28
77922304,10.29
77987840,10.27
78053376,10.29
78118912,10.24
78184448,10.27
78249984,10.27
78315520,10.28
78381056,10.27
78446592,10.24
78512128,10.25
78577664,10.26
78643200,10.26
78708736,10.26
78774272,10.25
78839808,10.26
78905344,10.27
78970880,10.28
79036416,10.28
79101952,10.26
79167488,10.27
79233024,10.27
79298560,10.26
79364096,10.26
79429632,10.25
79495168,10.25
79560704,10.26
79626240,10.25
79691776,10.25
79757312,10.24
79822848,10.26
79888384,10.28
79953920,10.27
80019456,10.27
80084992,10.22
80150528,10.27
80216064,10.27
80281600,10.26
80347136,10.27
80412672,10.24
80478208,10.26
80543744,10.25
80609280,10.26
80674816,10.21
80740352,10.21
80805888,10.25
80871424,10.25
80936960,10.26
81002496,10.26
81068032,10.25
81133568,10.27
81199104,10.27
81264640,10.25
81330176,10.26
81395712,9.92
81461248,10.25
81526784,10.25
81592320,10.25
81657856,10.24
81723392,10.17
81788928,10.14
81854464,10.21
81920000,10.23
81985536,10.24
82051072,9.67
82116608,10.25
82182144,10.27
82247680,10.27
82313216,10.26
82378752,10.25
82444288,10.26
82509824,10.26
82575360,10.22
82640896,10.22
82706432,9.69
82771968,10.2
82837504,10.22
82903040,10.24
82968576,10.25
83034112,10.22
83099648,10.26
83165184,10.27
83230720,10.28
83296256,10.21
83361792,9.7
83427328,10.23
83492864,10.26
83558400,10.24
83623936,10.24
83689472,9.8
83755008,10.24
83820544,10.24
83886080,10.21
83951616,10.21
84017152,9.81
84082688,10.26
84148224,10.26
84213760,10.26
84279296,10.21
84344832,10.25
84410368,10.26
84475904,10.25
84541440,10.22
84606976,9.8
84672512,10.25
84738048,10.24
84803584,10.24
84869120,10.22
84934656,9.72
85000192,10.22
85065728,10.23
85131264,10.23
85196800,10.21
85262336,10.22
85327872,10.26
85393408,10.27
85458944,10.24
85524480,10.25
85590016,10.25
85655552,10.25
85721088,10.25
85786624,9.73
85852160,10.23
85917696,10.23
85983232,10.21
86048768,10.22
86114304,9.66
86179840,10.26
86245376,10.23
86310912,10.26
86376448,10.25
86441984,9.95
86507520,10.09
86573056,10.24
86638592,10.23
86704128,9.84
86769664,10.14
86835200,10.19
86900736,10.2
86966272,10.2
87031808,9.96
87097344,9.46
87162880,9.95
87228416,10.11
87293952,9.78
87359488,9.87
87425024,10.18
87490560,10.19
87556096,10.23
87621632,10.12
87687168,10.06
87752704,10.14
87818240,10.09
87883776,10.11
87949312,10.2
88014848,10.21
88080384,10.21
88145920,10.22
88211456,10.21
88276992,10.23
88342528,10.24
88408064,10.26
88473600,10.25
88539136,10.26
88604672,10.26
88670208,10.21
88735744,10.07
88801280,10.2
88866816,10.22
88932352,10.24
88997888,10.22
89063424,10.21
89128960,10.23
89194496,10.25
89260032,10.25
89325568,10.24
89391104,10.24
89456640,10.26
89522176,10.25
89587712,10.22
89653248,10.24
89718784,10.24
89784320,10.24
89849856,10.25
89915392,10.06
89980928,10.14
90046464,10.17
90112000,10.2
90177536,9.97
90243072,10.23
90308608,10.25
90374144,10.24
90439680,9.71
90505216,10.25
90570752,10.26
90636288,10.25
90701824,9.86
90767360,10.25
90832896,10.26
90898432,10.13
90963968,10.04
91029504,10.23
91095040,10.24
91160576,10.25
91226112,10.21
91291648,10.21
91357184,10.25
91422720,10.22
91488256,10.22
91553792,10.17
91619328,10.22
91684864,10.24
91750400,10.25
91815936,9.81
91881472,10.25
91947008,10.25
92012544,10.2
92078080,10.23
92143616,10.24
92209152,10.24
92274688,10.24
92340224,10.23
92405760,10.25
92471296,10.26
92536832,10.27
92602368,10.25
92667904,9.8
92733440,10.24
92798976,10.24
92864512,10.24
92930048,9.88
92995584,10.24
93061120,10.26
93126656,10.24
93192192,10.23
93257728,10.22
93323264,10.24
93388800,10.24
93454336,10.22
93519872,10.24
93585408,10.27
93650944,10.25
93716480,10.26
93782016,10.25
93847552,10.26
93913088,10.26
93978624,10.26
94044160,10.23
94109696,10.23
94175232,10.24
94240768,10.23
94306304,10.22
94371840,10.04
94437376,10.24
94502912,10.22
94568448,10.24
94633984,9.84
94699520,10.26
94765056,10.23
94830592,10.22
94896128,10.21
94961664,10.24
95027200,10.25
95092736,10.23
95158272,10.23
95223808,10.24
95289344,10.23
95354880,10.21
95420416,10.22
95485952,10.23
95551488,10.24
95617024,10.22
95682560,10.24
95748096,10.25
95813632,10.25
95879168,10.24
95944704,9.82
96010240,10.26
96075776,10.25
96141312,10.24
96206848,10.16
96272384,9.69
96337920,10.04
96403456,9.68
96468992,9.94
96534528,9.66
96600064,10.15
96665600,10.0
96731136,10.18
96796672,9.55
96862208,9.79
96927744,10.09
96993280,10.01
97058816,10.17
97124352,10.15
97189888,10.19
97255424,10.22
97320960,10.2
97386496,9.72
97452032,10.22
97517568,10.18
97583104,10.2
97648640,9.62
97714176,10.12
97779712,10.03
97845248,10.04
97910784,10.09
97976320,9.94
98041856,9.98
98107392,9.61
98172928,9.99
98238464,10.22
98304000,10.15
98369536,10.2
98435072,10.04
98500608,10.04
98566144,9.97
98631680,10.13
98697216,10.13
98762752,10.17
98828288,10.21
98893824,10.02
98959360,9.73
99024896,10.05
99090432,9.66
99155968,10.11
99221504,10.19
99287040,10.23
99352576,10.22
99418112,10.24
99483648,10.17
99549184,10.21
99614720,10.17
99680256,10.22
99745792,10.23
99811328,10.24
99876864,10.25
99942400,9.78
100007936,10.24
100073472,10.25
100139008,10.24
100204544,10.25
100270080,10.24
100335616,10.23
100401152,10.23
100466688,9.56
100532224,9.64
100597760,9.96
100663296,10.12
100728832,9.39
100794368,9.97
100859904,10.07
100925440,10.2
100990976,9.76
101056512,10.22
101122048,10.21
101187584,10.22
101253120,10.14
101318656,10.21
101384192,10.22
101449728,10.2
101515264,10.18
101580800,10.2
101646336,10.2
101711872,10.2
101777408,10.19
101842944,10.2
101908480,10.22
101974016,10.21
102039552,10.22
102105088,10.23
102170624,10.24
102236160,10.22
102301696,10.21
102367232,9.96
102432768,10.01
102498304,10.1
102563840,9.96
102629376,10.16
102694912,10.2
102760448,10.2
102825984,10.17
102891520,9.94
102957056,10.09
103022592,9.94
103088128,9.61
103153664,10.11
103219200,10.13
103284736,10.1
103350272,10.15
103415808,10.2
103481344,10.22
103546880,10.21
103612416,10.18
103677952,9.99
103743488,10.12
103809024,9.9
103874560,9.53
103940096,9.71
104005632,10.14
104071168,10.14
104136704,8.68
104202240,9.96
104267776,10.11
104333312,10.01
104398848,10.04
104464384,10.11
104529920,10.09
104595456,10.2
104660992,9.82
104726528,10.21
104792064,10.21
104857600,10.2
104923136,10.19
104988672,10.2
105054208,10.21
105119744,10.21
105185280,10.2
105250816,10.22
105316352,10.21
105381888,10.22
105447424,9.99
105512960,10.12
105578496,10.16
105644032,10.19
105709568,10.16
105775104,10.21
105840640,9.97
105906176,10.1
105971712,9.67
106037248,10.15
106102784,10.11
106168320,9.95
106233856,9.77
106299392,10.19
106364928,10.2
106430464,10.21
106496000,10.2
106561536,10.22
106627072,10.22
106692608,10.21
106758144,9.84
106823680,10.2
106889216,10.2
106954752,10.21
107020288,10.18
107085824,10.01
107151360,10.05
107216896,10.14
107282432,9.84
107347968,10.22
107413504,10.21
107479040,10.23
107544576,10.06
107610112,10.21
107675648,10.21
107741184,10.22
107806720,10.16
107872256,10.21
107937792,10.2
108003328,10.01
108068864,10.03
108134400,10.0
108199936,10.12
108265472,10.12
108331008,10.17
108396544,10.2
108462080,10.21
108527616,10.2
108593152,10.18
108658688,10.21
108724224,10.21
108789760,10.21
108855296,10.19
108920832,10.2
108986368,10.2
109051904,10.2
109117440,10.19
109182976,10.21
109248512,10.2
109314048,10.22
109379584,9.83
109445120,10.22
109510656,10.22
109576192,10.22
109641728,10.19
109707264,10.21
109772800,10.22
109838336,10.21
109903872,10.18
109969408,10.2
110034944,10.17
110100480,10.19
110166016,10.19
110231552,10.21
110297088,10.21
110362624,10.22
110428160,10.19
110493696,10.22
110559232,10.2
110624768,10.16
110690304,10.18
110755840,10.21
110821376,10.21
110886912,10.11
110952448,10.19
111017984,10.2
111083520,10.2
111149056,10.18
111214592,10.19
111280128,10.2
111345664,10.19
111411200,10.19
111476736,10.21
111542272,10.21
111607808,10.22
111673344,10.2
111738880,10.21
111804416,10.21
111869952,10.12
111935488,10.2
112001024,10.2
112066560,10.19
112132096,10.2
112197632,10.18
112263168,10.2
112328704,10.2
112394240,10.17
112459776,10.2
112525312,10.21
112590848,10.21
112656384,10.19
112721920,10.22
112787456,10.2
112852992,10.2
112918528,10.19
112984064,10.07
113049600,9.99
113115136,10.08
113180672,10.05
113246208,10.12
113311744,10.15
113377280,10.17
113442816,10.15
113508352,10.18
113573888,10.18
113639424,10.19
113704960,10.2
113770496,10.2
113836032,10.16
113901568,10.19
113967104,10.18
114032640,10.17
114098176,10.19
114163712,10.13
114229248,10.18
114294784,10.15
114360320,10.17
114425856,10.19
114491392,10.18
114556928,10.2
114622464,10.17
114688000,10.18
114753536,10.16
114819072,10.18
114884608,10.19
114950144,10.18
115015680,10.17
115081216,10.18
115146752,10.19
115212288,10.18
115277824,10.16
115343360,10.18
115408896,10.17
115474432,10.17
115539968,10.17
115605504,10.18
115671040,9.89
115736576,10.19
115802112,10.17
115867648,10.17
115933184,10.19
115998720,10.17
116064256,10.17
116129792,10.18
116195328,10.18
116260864,10.17
116326400,10.15
116391936,10.16
116457472,10.18
116523008,10.17
116588544,10.18
116654080,10.19
116719616,10.18
116785152,10.18
116850688,10.18
116916224,10.19
116981760,10.18
117047296,10.19
117112832,10.18
117178368,10.18
117243904,10.15
117309440,10.18
117374976,10.17
117440512,10.16
117506048,10.15
117571584,10.18
117637120,10.18
117702656,10.18
117768192,10.18
117833728,10.19
117899264,10.18
117964800,10.18
118030336,10.19
118095872,10.17
118161408,9.83
118226944,10.17
118292480,10.18
118358016,10.18
118423552,10.16
118489088,10.17
118554624,10.16
118620160,10.16
118685696,10.19
118751232,10.18
118816768,10.17
118882304,10.17
118947840,10.18
119013376,10.16
119078912,10.18
119144448,10.19
119209984,10.15
119275520,10.18
119341056,10.17
119406592,10.17
119472128,10.15
119537664,10.16
119603200,10.18
119668736,10.14
119734272,10.18
119799808,10.18
119865344,10.17
119930880,9.18
119996416,10.18
120061952,10.18
120127488,9.86
120193024,10.18
120258560,10.18
120324096,10.17
120389632,10.18
120455168,10.18
120520704,10.16
120586240,10.17
120651776,10.16
120717312,10.17
120782848,10.02
120848384,10.19
120913920,10.17
120979456,10.16
121044992,10.2
121110528,10.18
121176064,10.17
121241600,10.18
121307136,10.19
121372672,10.17
121438208,10.16
121503744,10.18
121569280,10.15
121634816,10.16
121700352,10.17
121765888,10.16
121831424,10.17
121896960,10.18
121962496,10.18
122028032,10.18
122093568,10.17
122159104,10.19
122224640,10.19
122290176,10.17
122355712,9.79
122421248,10.17
122486784,10.17
122552320,10.15
122617856,10.18
122683392,10.17
122748928,10.16
122814464,10.18
122880000,10.18
122945536,10.18
123011072,10.15
123076608,10.18
123142144,10.18
123207680,10.17
123273216,10.18
123338752,10.18
123404288,10.18
123469824,9.89
123535360,10.18
123600896,10.16
123666432,10.16
123731968,9.98
123797504,10.16
123863040,10.16
123928576,9.8
123994112,10.16
124059648,10.17
124125184,10.18
124190720,10.19
124256256,10.19
124321792,10.19
124387328,10.18
124452864,10.18
124518400,10.17
124583936,9.85
124649472,10.16
124715008,10.16
124780544,10.15
124846080,10.17
124911616,10.17
124977152,10.17
125042688,10.17
125108224,10.17
125173760,10.18
125239296,10.16
125304832,10.19
125370368,10.17
125435904,10.17
125501440,10.14
125566976,10.17
125632512,10.17
125698048,10.15
125763584,9.83
125829120,9.97
125894656,10.15
125960192,10.13
126025728,10.08
126091264,10.07
126156800,9.75
126222336,10.14
126287872,10.13
126353408,10.18
126418944,10.12
126484480,10.18
126550016,10.07
126615552,9.47
126681088,10.05
126746624,10.13
126812160,10.04
126877696,9.89
126943232,10.16
127008768,10.14
127074304,9.78
127139840,10.18
127205376,10.18
127270912,10.19
127336448,10.17
127401984,10.2
127467520,10.17
127533056,10.14
127598592,10.19
127664128,10.18
127729664,10.18
127795200,10.07
127860736,10.01
127926272,9.81
127991808,10.04
128057344,10.13
128122880,10.13
128188416,10.16
128253952,10.18
128319488,10.09
128385024,10.17
128450560,9.98
128516096,10.05
128581632,10.12
128647168,10.08
128712704,10.17
128778240,10.17
128843776,10.17
128909312,10.11
128974848,10.14
129040384,10.16
129105920,9.72
129171456,10.1
129236992,10.01
129302528,9.81
129368064,10.14
129433600,10.16
129499136,10.17
129564672,10.18
129630208,10.18
129695744,10.16
129761280,9.91
129826816,10.18
129892352,10.17
129957888,9.83
130023424,10.18
130088960,10.15
130154496,10.17
130220032,9.73
130285568,10.12
130351104,10.06
130416640,10.12
130482176,10.17
130547712,10.17
130613248,10.16
130678784,10.18
130744320,10.18
130809856,10.17
130875392,9.7
130940928,9.99
131006464,10.11
131072000,10.11
131137536,10.17
131203072,10.15
131268608,10.11
131334144,9.9
131399680,10.01
131465216,10.02
131530752,9.78
131596288,10.01
131661824,10.07
131727360,10.17
131792896,10.17
131858432,10.17
131923968,10.18
131989504,9.85
132055040,10.17
132120576,10.17
132186112,10.0
132251648,10.07
132317184,10.13
132382720,10.17
132448256,10.18
132513792,10.19
132579328,10.18
132644864,10.18
132710400,10.18
132775936,10.19
132841472,10.19
132907008,10.18
132972544,10.16
133038080,10.17
133103616,10.17
133169152,10.17
133234688,10.15
133300224,10.08
133365760,9.65
133431296,10.06
133496832,10.12
133562368,10.0
133627904,10.06
133693440,10.12
133758976,10.12
133824512,10.13
133890048,10.16
133955584,10.18
134021120,10.16
134086656,10.18
134152192,10.18
